key,key:task,key:maintenanceRecord
maintenanceRecordTask-01,task-001,maintenance-001
maintenanceRecordTask-02,task-002,maintenance-002
maintenanceRecordTask-03,task-003,maintenance-003
maintenanceRecordTask-04,task-004,maintenance-004
maintenanceRecordTask-05,task-005,maintenance-005
maintenanceRecordTask-06,task-006,maintenance-006
maintenanceRecordTask-07,task-007,maintenance-007
maintenanceRecordTask-08,task-008,maintenance-008
maintenanceRecordTask-09,task-009,maintenance-009
maintenanceRecordTask-10,task-010,maintenance-010
maintenanceRecordTask-11,task-011,maintenance-011
maintenanceRecordTask-12,task-012,maintenance-012
maintenanceRecordTask-13,task-013,maintenance-013
maintenanceRecordTask-14,task-014,maintenance-014
maintenanceRecordTask-15,task-015,maintenance-015
maintenanceRecordTask-16,task-016,maintenance-016
maintenanceRecordTask-17,task-017,maintenance-017
maintenanceRecordTask-18,task-018,maintenance-018
maintenanceRecordTask-19,task-019,maintenance-019
maintenanceRecordTask-20,task-020,maintenance-020
maintenanceRecordTask-21,task-021,maintenance-021
maintenanceRecordTask-22,task-022,maintenance-022
maintenanceRecordTask-23,task-023,maintenance-023
maintenanceRecordTask-24,task-024,maintenance-024
maintenanceRecordTask-25,task-025,maintenance-025
maintenanceRecordTask-26,task-026,maintenance-026
maintenanceRecordTask-27,task-027,maintenance-027
maintenanceRecordTask-28,task-028,maintenance-028
maintenanceRecordTask-29,task-029,maintenance-029
maintenanceRecordTask-30,task-030,maintenance-030
maintenanceRecordTask-31,task-031,maintenance-031
maintenanceRecordTask-32,task-032,maintenance-032
maintenanceRecordTask-33,task-033,maintenance-033
maintenanceRecordTask-34,task-034,maintenance-034
maintenanceRecordTask-35,task-035,maintenance-035
maintenanceRecordTask-36,task-036,maintenance-036
maintenanceRecordTask-37,task-037,maintenance-037
maintenanceRecordTask-38,task-038,maintenance-038
maintenanceRecordTask-39,task-039,maintenance-039
maintenanceRecordTask-40,task-040,maintenance-040
maintenanceRecordTask-41,task-041,maintenance-041
maintenanceRecordTask-42,task-042,maintenance-042
maintenanceRecordTask-43,task-043,maintenance-043
maintenanceRecordTask-44,task-044,maintenance-044
maintenanceRecordTask-45,task-045,maintenance-045
maintenanceRecordTask-46,task-046,maintenance-046
maintenanceRecordTask-47,task-047,maintenance-047
maintenanceRecordTask-48,task-048,maintenance-048
maintenanceRecordTask-49,task-049,maintenance-049
maintenanceRecordTask-50,task-050,maintenance-050
maintenanceRecordTask-51,task-051,maintenance-051
maintenanceRecordTask-52,task-052,maintenance-052
maintenanceRecordTask-53,task-053,maintenance-053
maintenanceRecordTask-54,task-054,maintenance-054
maintenanceRecordTask-55,task-055,maintenance-055
maintenanceRecordTask-56,task-056,maintenance-056
maintenanceRecordTask-57,task-057,maintenance-057
maintenanceRecordTask-58,task-058,maintenance-058
maintenanceRecordTask-59,task-059,maintenance-059
maintenanceRecordTask-60,task-060,maintenance-060
maintenanceRecordTask-61,task-001,maintenance-023
maintenanceRecordTask-62,task-002,maintenance-027
maintenanceRecordTask-63,task-003,maintenance-012
maintenanceRecordTask-64,task-004,maintenance-021
maintenanceRecordTask-65,task-005,maintenance-028
maintenanceRecordTask-66,task-006,maintenance-001
maintenanceRecordTask-67,task-007,maintenance-008
maintenanceRecordTask-68,task-008,maintenance-023
maintenanceRecordTask-69,task-009,maintenance-006
maintenanceRecordTask-70,task-010,maintenance-006
maintenanceRecordTask-71,task-011,maintenance-017
maintenanceRecordTask-72,task-012,maintenance-030
maintenanceRecordTask-73,task-013,maintenance-003
maintenanceRecordTask-74,task-014,maintenance-030
maintenanceRecordTask-75,task-015,maintenance-026
maintenanceRecordTask-76,task-016,maintenance-009
maintenanceRecordTask-77,task-017,maintenance-014
maintenanceRecordTask-78,task-018,maintenance-001
maintenanceRecordTask-79,task-019,maintenance-018
maintenanceRecordTask-80,task-020,maintenance-004
maintenanceRecordTask-81,task-021,maintenance-027
maintenanceRecordTask-82,task-022,maintenance-030
maintenanceRecordTask-83,task-023,maintenance-029
maintenanceRecordTask-84,task-024,maintenance-016
maintenanceRecordTask-85,task-025,maintenance-012
maintenanceRecordTask-86,task-026,maintenance-019
maintenanceRecordTask-87,task-027,maintenance-022
maintenanceRecordTask-88,task-028,maintenance-029
maintenanceRecordTask-89,task-029,maintenance-005
maintenanceRecordTask-90,task-030,maintenance-003
maintenanceRecordTask-91,task-031,maintenance-034
maintenanceRecordTask-92,task-032,maintenance-047
maintenanceRecordTask-93,task-033,maintenance-042
maintenanceRecordTask-94,task-034,maintenance-040
maintenanceRecordTask-95,task-035,maintenance-051
maintenanceRecordTask-96,task-036,maintenance-053
maintenanceRecordTask-97,task-037,maintenance-038
maintenanceRecordTask-98,task-038,maintenance-057
maintenanceRecordTask-99,task-039,maintenance-042
maintenanceRecordTask-100,task-040,maintenance-056
maintenanceRecordTask-101,task-041,maintenance-036
maintenanceRecordTask-102,task-042,maintenance-037
maintenanceRecordTask-103,task-043,maintenance-047
maintenanceRecordTask-104,task-044,maintenance-045
maintenanceRecordTask-105,task-045,maintenance-052
maintenanceRecordTask-106,task-046,maintenance-035
maintenanceRecordTask-107,task-047,maintenance-045
maintenanceRecordTask-108,task-048,maintenance-050
maintenanceRecordTask-109,task-049,maintenance-038
maintenanceRecordTask-110,task-050,maintenance-051
maintenanceRecordTask-111,task-051,maintenance-060
maintenanceRecordTask-112,task-052,maintenance-045
maintenanceRecordTask-113,task-053,maintenance-038
maintenanceRecordTask-114,task-054,maintenance-045
maintenanceRecordTask-115,task-055,maintenance-039
maintenanceRecordTask-116,task-056,maintenance-032
maintenanceRecordTask-117,task-057,maintenance-044
maintenanceRecordTask-118,task-058,maintenance-033
maintenanceRecordTask-119,task-059,maintenance-059
maintenanceRecordTask-120,task-060,maintenance-055
